EpisodioID,PersonaID,FechaInicio,FechaFin,TipoBaja
BAJA-0001,EMP-0506,2025-04-19,2025-05-09,Enfermedad común
BAJA-0002,EMP-0443,2024-04-01,2024-04-10,Accidente
BAJA-0003,EMP-0224,2025-01-01,2025-01-07,Salud mental
BAJA-0004,EMP-0474,2025-05-20,2025-06-04,Accidente
BAJA-0005,EMP-0018,2024-12-20,2025-01-09,Accidente
BAJA-0006,EMP-0785,2025-01-07,2025-01-17,Enfermedad común
BAJA-0007,EMP-0578,2024-09-22,2024-10-02,Maternidad/Paternidad
BAJA-0008,EMP-0909,2024-05-09,2024-05-15,Maternidad/Paternidad
BAJA-0009,EMP-0356,2023-05-12,2023-05-26,Accidente
BAJA-0010,EMP-0141,2025-06-21,2025-06-24,Salud mental
BAJA-0011,EMP-0887,2025-11-06,2025-11-20,Accidente
BAJA-0012,EMP-0757,2025-07-03,2025-07-14,Salud mental
BAJA-0013,EMP-0421,2023-07-30,2023-08-17,Accidente
BAJA-0014,EMP-0563,2025-05-19,2025-05-29,Salud mental
BAJA-0015,EMP-0874,2024-02-08,2024-02-13,Salud mental
BAJA-0016,EMP-0743,2024-04-30,2024-05-03,Accidente
BAJA-0017,EMP-0087,2023-05-28,2023-06-14,Salud mental
BAJA-0018,EMP-0030,2023-03-22,2023-03-29,Accidente
BAJA-0019,EMP-0394,2024-06-07,2024-06-12,Salud mental
BAJA-0020,EMP-0179,2025-03-16,2025-03-20,Accidente
BAJA-0021,EMP-0514,2024-02-26,2024-03-03,Maternidad/Paternidad
BAJA-0022,EMP-0761,2024-12-28,2025-01-15,Accidente
BAJA-0023,EMP-0741,2023-11-01,2023-11-18,Maternidad/Paternidad
BAJA-0024,EMP-0268,2024-04-07,2024-04-11,Enfermedad común
BAJA-0025,EMP-0461,2025-01-23,2025-02-11,Salud mental
BAJA-0026,EMP-0526,2024-03-19,2024-03-31,Maternidad/Paternidad
BAJA-0027,EMP-0967,2023-02-07,2023-02-20,Accidente
BAJA-0028,EMP-0425,2024-01-01,2024-01-15,Accidente
BAJA-0029,EMP-0599,2023-06-23,2023-07-08,Maternidad/Paternidad
BAJA-0030,EMP-0959,2025-03-08,2025-03-26,Salud mental
BAJA-0031,EMP-0189,2024-02-13,2024-02-25,Accidente
BAJA-0032,EMP-0582,2024-10-13,2024-10-20,Enfermedad común
BAJA-0033,EMP-0822,2023-09-08,2023-09-14,Salud mental
BAJA-0034,EMP-0871,2025-11-03,2025-11-08,Enfermedad común
BAJA-0035,EMP-0906,2024-04-04,2024-04-22,Maternidad/Paternidad
BAJA-0036,EMP-0507,2025-01-21,2025-01-31,Accidente
BAJA-0037,EMP-0559,2025-07-28,2025-08-11,Enfermedad común
BAJA-0038,EMP-0563,2023-09-22,2023-10-05,Accidente
BAJA-0039,EMP-0307,2025-03-21,2025-04-05,Maternidad/Paternidad
BAJA-0040,EMP-0111,2024-05-21,2024-05-24,Accidente
BAJA-0041,EMP-0090,2024-10-09,2024-10-23,Salud mental
BAJA-0042,EMP-0136,2024-10-22,2024-11-05,Enfermedad común
BAJA-0043,EMP-0588,2024-07-25,2024-07-29,Salud mental
BAJA-0044,EMP-0765,2023-08-27,2023-09-07,Salud mental
BAJA-0045,EMP-0853,2024-06-01,2024-06-04,Maternidad/Paternidad
BAJA-0046,EMP-0808,2023-06-24,2023-06-29,Maternidad/Paternidad
BAJA-0047,EMP-0261,2024-07-17,2024-08-03,Salud mental
BAJA-0048,EMP-0610,2025-03-23,2025-03-30,Salud mental
BAJA-0049,EMP-0763,2023-10-04,2023-10-22,Maternidad/Paternidad
BAJA-0050,EMP-0221,2025-10-21,2025-10-26,Enfermedad común
BAJA-0051,EMP-0468,2023-08-16,2023-09-03,Accidente
BAJA-0052,EMP-0869,2024-06-27,2024-07-01,Maternidad/Paternidad
BAJA-0053,EMP-0519,2024-02-17,2024-03-04,Salud mental
BAJA-0054,EMP-0757,2023-09-29,2023-10-13,Accidente
BAJA-0055,EMP-0295,2025-04-28,2025-05-11,Enfermedad común
BAJA-0056,EMP-0162,2024-06-13,2024-06-21,Maternidad/Paternidad
BAJA-0057,EMP-0919,2023-05-07,2023-05-13,Salud mental
BAJA-0058,EMP-0851,2024-03-09,2024-03-13,Salud mental
BAJA-0059,EMP-0081,2023-12-20,2024-01-01,Enfermedad común
BAJA-0060,EMP-0815,2024-05-17,2024-05-21,Enfermedad común
BAJA-0061,EMP-0173,2024-07-20,2024-07-25,Maternidad/Paternidad
BAJA-0062,EMP-0302,2023-02-25,2023-03-16,Enfermedad común
BAJA-0063,EMP-0733,2025-01-23,2025-01-25,Salud mental
BAJA-0064,EMP-0177,2025-09-29,2025-10-01,Enfermedad común
BAJA-0065,EMP-0212,2024-11-02,2024-11-19,Enfermedad común
BAJA-0066,EMP-0584,2023-04-17,2023-05-01,Salud mental
BAJA-0067,EMP-0039,2025-04-14,2025-04-17,Enfermedad común
BAJA-0068,EMP-0928,2023-10-10,2023-10-28,Salud mental
BAJA-0069,EMP-0008,2024-02-12,2024-02-22,Salud mental
BAJA-0070,EMP-0162,2025-06-01,2025-06-03,Maternidad/Paternidad
BAJA-0071,EMP-0977,2024-03-12,2024-03-19,Salud mental
BAJA-0072,EMP-0394,2024-11-27,2024-12-09,Accidente
BAJA-0073,EMP-0876,2025-04-03,2025-04-11,Maternidad/Paternidad
BAJA-0074,EMP-0801,2025-10-12,2025-10-31,Maternidad/Paternidad
BAJA-0075,EMP-0031,2024-06-05,2024-06-15,Maternidad/Paternidad
BAJA-0076,EMP-0860,2023-11-30,2023-12-20,Enfermedad común
BAJA-0077,EMP-0796,2025-08-21,2025-08-31,Maternidad/Paternidad
BAJA-0078,EMP-0884,2024-12-05,2024-12-22,Enfermedad común
BAJA-0079,EMP-0504,2023-03-15,2023-03-28,Maternidad/Paternidad
BAJA-0080,EMP-0880,2024-04-08,2024-04-22,Maternidad/Paternidad
BAJA-0081,EMP-0721,2023-02-06,2023-02-13,Accidente
BAJA-0082,EMP-0715,2024-12-24,2024-12-27,Accidente
BAJA-0083,EMP-0826,2024-01-22,2024-02-07,Maternidad/Paternidad
BAJA-0084,EMP-0593,2023-11-28,2023-12-13,Maternidad/Paternidad
BAJA-0085,EMP-0889,2024-10-06,2024-10-21,Accidente
BAJA-0086,EMP-0843,2024-01-20,2024-01-25,Salud mental
BAJA-0087,EMP-0872,2025-06-28,2025-07-11,Salud mental
BAJA-0088,EMP-0031,2024-01-19,2024-01-30,Accidente
BAJA-0089,EMP-0137,2024-02-21,2024-03-09,Accidente
BAJA-0090,EMP-0366,2025-01-31,2025-02-05,Accidente
BAJA-0091,EMP-0270,2024-01-03,2024-01-14,Maternidad/Paternidad
BAJA-0092,EMP-0436,2023-08-17,2023-08-30,Maternidad/Paternidad
BAJA-0093,EMP-0214,2024-05-24,2024-06-05,Enfermedad común
BAJA-0094,EMP-0245,2024-06-25,2024-07-14,Salud mental
BAJA-0095,EMP-0717,2025-11-11,2025-11-13,Salud mental
BAJA-0096,EMP-0569,2025-03-23,2025-04-06,Enfermedad común
BAJA-0097,EMP-0091,2024-02-03,2024-02-19,Accidente
BAJA-0098,EMP-0620,2023-11-04,2023-11-11,Salud mental
BAJA-0099,EMP-0288,2024-02-22,2024-02-28,Accidente
BAJA-0100,EMP-0026,2023-09-20,2023-10-08,Salud mental
BAJA-0101,EMP-0278,2023-02-24,2023-03-14,Salud mental
BAJA-0102,EMP-0120,2024-05-07,2024-05-23,Accidente
BAJA-0103,EMP-0752,2024-12-05,2024-12-23,Maternidad/Paternidad
BAJA-0104,EMP-0546,2023-10-09,2023-10-14,Salud mental
BAJA-0105,EMP-0129,2023-01-12,2023-01-27,Salud mental
BAJA-0106,EMP-0175,2024-02-01,2024-02-10,Salud mental
BAJA-0107,EMP-0881,2024-05-18,2024-06-03,Accidente
BAJA-0108,EMP-0329,2025-08-03,2025-08-22,Enfermedad común
BAJA-0109,EMP-0164,2024-01-09,2024-01-18,Maternidad/Paternidad
BAJA-0110,EMP-0329,2023-12-26,2024-01-05,Accidente
BAJA-0111,EMP-0768,2023-05-08,2023-05-14,Accidente
BAJA-0112,EMP-0342,2025-02-03,2025-02-16,Salud mental
BAJA-0113,EMP-0375,2025-06-03,2025-06-23,Enfermedad común
BAJA-0114,EMP-0553,2025-02-07,2025-02-17,Enfermedad común
BAJA-0115,EMP-0132,2024-09-05,2024-09-09,Accidente
BAJA-0116,EMP-0638,2025-08-24,2025-09-09,Salud mental
BAJA-0117,EMP-0537,2025-09-20,2025-10-01,Salud mental
BAJA-0118,EMP-0559,2023-01-21,2023-02-04,Maternidad/Paternidad
BAJA-0119,EMP-0636,2024-09-19,2024-09-30,Accidente
BAJA-0120,EMP-0664,2023-10-23,2023-11-10,Enfermedad común
BAJA-0121,EMP-0529,2025-08-31,2025-09-11,Enfermedad común
BAJA-0122,EMP-0108,2025-06-29,2025-07-06,Accidente
BAJA-0123,EMP-0198,2025-01-18,2025-01-30,Maternidad/Paternidad
BAJA-0124,EMP-0576,2023-12-11,2023-12-30,Enfermedad común
BAJA-0125,EMP-0637,2025-07-23,2025-07-29,Enfermedad común
BAJA-0126,EMP-0327,2023-06-08,2023-06-28,Salud mental
BAJA-0127,EMP-0303,2024-01-05,2024-01-12,Maternidad/Paternidad
BAJA-0128,EMP-0548,2023-12-20,2023-12-30,Accidente
BAJA-0129,EMP-0873,2025-06-06,2025-06-26,Enfermedad común
BAJA-0130,EMP-0019,2023-03-08,2023-03-24,Accidente
BAJA-0131,EMP-0316,2025-07-16,2025-07-26,Enfermedad común
BAJA-0132,EMP-0091,2024-03-11,2024-03-17,Maternidad/Paternidad
BAJA-0133,EMP-0283,2025-03-22,2025-03-31,Salud mental
BAJA-0134,EMP-0977,2023-06-05,2023-06-25,Salud mental
BAJA-0135,EMP-0796,2024-11-29,2024-12-06,Accidente
BAJA-0136,EMP-0358,2024-08-11,2024-08-16,Maternidad/Paternidad
BAJA-0137,EMP-0263,2024-12-21,2025-01-07,Maternidad/Paternidad
BAJA-0138,EMP-0295,2024-01-28,2024-02-13,Salud mental
BAJA-0139,EMP-0803,2023-05-12,2023-05-21,Enfermedad común
BAJA-0140,EMP-0462,2025-02-03,2025-02-05,Accidente
BAJA-0141,EMP-0871,2024-12-30,2025-01-09,Salud mental
BAJA-0142,EMP-0682,2023-07-22,2023-07-27,Salud mental
BAJA-0143,EMP-0217,2025-05-15,2025-05-26,Maternidad/Paternidad
BAJA-0144,EMP-0786,2025-07-20,2025-07-29,Maternidad/Paternidad
BAJA-0145,EMP-0137,2023-03-03,2023-03-05,Enfermedad común
BAJA-0146,EMP-0773,2024-10-01,2024-10-20,Salud mental
BAJA-0147,EMP-0050,2024-06-04,2024-06-10,Salud mental
BAJA-0148,EMP-0295,2023-03-27,2023-04-01,Enfermedad común
BAJA-0149,EMP-0378,2023-10-10,2023-10-23,Salud mental
BAJA-0150,EMP-0442,2023-08-29,2023-09-01,Maternidad/Paternidad
BAJA-0151,EMP-0751,2023-05-23,2023-05-26,Accidente
BAJA-0152,EMP-0851,2024-06-21,2024-07-09,Accidente
BAJA-0153,EMP-0509,2023-04-03,2023-04-12,Accidente
BAJA-0154,EMP-0117,2023-12-27,2023-12-29,Accidente
BAJA-0155,EMP-0529,2023-02-24,2023-02-26,Enfermedad común
BAJA-0156,EMP-0524,2024-08-16,2024-09-03,Maternidad/Paternidad
BAJA-0157,EMP-0356,2024-10-25,2024-11-09,Enfermedad común
BAJA-0158,EMP-0087,2025-10-17,2025-10-21,Salud mental
BAJA-0159,EMP-0657,2025-09-02,2025-09-12,Maternidad/Paternidad
BAJA-0160,EMP-0903,2025-08-09,2025-08-26,Salud mental
BAJA-0161,EMP-0971,2024-03-10,2024-03-21,Accidente
BAJA-0162,EMP-0820,2025-08-31,2025-09-15,Enfermedad común
BAJA-0163,EMP-0789,2025-07-13,2025-08-02,Maternidad/Paternidad
BAJA-0164,EMP-0412,2024-06-29,2024-07-17,Salud mental
BAJA-0165,EMP-0938,2024-03-22,2024-04-01,Accidente
BAJA-0166,EMP-0272,2025-07-24,2025-08-08,Accidente
BAJA-0167,EMP-0273,2024-07-12,2024-07-17,Maternidad/Paternidad
BAJA-0168,EMP-0618,2025-04-14,2025-05-04,Accidente
BAJA-0169,EMP-0693,2023-07-14,2023-07-25,Maternidad/Paternidad
BAJA-0170,EMP-0202,2024-04-29,2024-05-11,Accidente
BAJA-0171,EMP-0459,2023-03-14,2023-03-25,Salud mental
BAJA-0172,EMP-0548,2024-08-12,2024-08-19,Enfermedad común
BAJA-0173,EMP-0831,2025-05-04,2025-05-06,Accidente
BAJA-0174,EMP-0483,2023-08-29,2023-09-01,Salud mental
BAJA-0175,EMP-0016,2023-11-16,2023-11-18,Salud mental
BAJA-0176,EMP-0999,2023-07-03,2023-07-12,Salud mental
BAJA-0177,EMP-0424,2023-03-21,2023-03-28,Maternidad/Paternidad
BAJA-0178,EMP-0414,2025-05-21,2025-05-26,Enfermedad común
BAJA-0179,EMP-0243,2025-02-13,2025-02-19,Salud mental
BAJA-0180,EMP-0852,2024-08-20,2024-09-05,Salud mental
BAJA-0181,EMP-0325,2024-05-11,2024-05-22,Accidente
BAJA-0182,EMP-0034,2023-01-01,2023-01-15,Maternidad/Paternidad
BAJA-0183,EMP-0381,2024-10-09,2024-10-29,Salud mental
BAJA-0184,EMP-0381,2023-11-24,2023-12-10,Salud mental
BAJA-0185,EMP-0491,2023-10-13,2023-10-23,Accidente
BAJA-0186,EMP-0432,2024-12-02,2024-12-05,Accidente
BAJA-0187,EMP-0926,2023-01-06,2023-01-09,Enfermedad común
BAJA-0188,EMP-0570,2024-12-21,2024-12-30,Accidente
BAJA-0189,EMP-0286,2024-09-19,2024-09-30,Salud mental
BAJA-0190,EMP-0064,2025-10-24,2025-11-05,Salud mental
BAJA-0191,EMP-0941,2025-06-12,2025-06-19,Accidente
BAJA-0192,EMP-0423,2025-02-08,2025-02-11,Enfermedad común
BAJA-0193,EMP-0799,2024-05-12,2024-05-19,Accidente
BAJA-0194,EMP-0061,2024-02-06,2024-02-20,Maternidad/Paternidad
BAJA-0195,EMP-0370,2023-01-23,2023-01-25,Accidente
BAJA-0196,EMP-0277,2023-12-06,2023-12-19,Salud mental
BAJA-0197,EMP-0156,2025-08-01,2025-08-13,Maternidad/Paternidad
BAJA-0198,EMP-0544,2024-12-31,2025-01-03,Enfermedad común
BAJA-0199,EMP-0347,2024-03-02,2024-03-09,Salud mental
BAJA-0200,EMP-0114,2023-08-25,2023-09-12,Accidente
BAJA-0201,EMP-0831,2025-08-01,2025-08-19,Accidente
BAJA-0202,EMP-0935,2023-06-04,2023-06-14,Enfermedad común
BAJA-0203,EMP-0514,2025-09-18,2025-09-26,Accidente
BAJA-0204,EMP-0876,2023-06-15,2023-06-26,Maternidad/Paternidad
BAJA-0205,EMP-0958,2024-09-18,2024-10-02,Maternidad/Paternidad
BAJA-0206,EMP-0271,2024-04-28,2024-05-05,Maternidad/Paternidad
BAJA-0207,EMP-0328,2025-01-07,2025-01-20,Maternidad/Paternidad
BAJA-0208,EMP-0772,2025-06-18,2025-06-20,Salud mental
BAJA-0209,EMP-0648,2023-10-16,2023-11-02,Salud mental
BAJA-0210,EMP-0516,2025-08-05,2025-08-21,Salud mental
BAJA-0211,EMP-0377,2025-09-16,2025-09-26,Accidente
BAJA-0212,EMP-0598,2023-05-17,2023-05-26,Accidente
BAJA-0213,EMP-0293,2024-04-01,2024-04-15,Maternidad/Paternidad
BAJA-0214,EMP-0871,2023-12-28,2024-01-05,Enfermedad común
BAJA-0215,EMP-0691,2023-06-25,2023-06-27,Maternidad/Paternidad
BAJA-0216,EMP-0042,2025-09-18,2025-10-08,Salud mental
BAJA-0217,EMP-0889,2025-06-20,2025-07-03,Accidente
BAJA-0218,EMP-0092,2023-12-26,2024-01-14,Salud mental
BAJA-0219,EMP-0055,2023-08-04,2023-08-06,Accidente
BAJA-0220,EMP-0002,2024-04-16,2024-04-22,Enfermedad común
BAJA-0221,EMP-0339,2024-12-04,2024-12-07,Salud mental
BAJA-0222,EMP-0797,2023-07-10,2023-07-18,Maternidad/Paternidad
BAJA-0223,EMP-0321,2023-09-23,2023-10-05,Enfermedad común
BAJA-0224,EMP-0897,2023-03-22,2023-04-04,Accidente
BAJA-0225,EMP-0772,2024-03-01,2024-03-09,Accidente
BAJA-0226,EMP-0782,2025-09-21,2025-09-27,Enfermedad común
BAJA-0227,EMP-0723,2025-09-21,2025-10-09,Salud mental
BAJA-0228,EMP-0976,2024-09-06,2024-09-14,Maternidad/Paternidad
BAJA-0229,EMP-0852,2023-03-14,2023-03-18,Salud mental
BAJA-0230,EMP-0332,2024-08-27,2024-09-01,Salud mental
BAJA-0231,EMP-0183,2024-03-16,2024-03-25,Accidente
BAJA-0232,EMP-0637,2023-05-02,2023-05-08,Maternidad/Paternidad
BAJA-0233,EMP-0092,2023-07-29,2023-08-15,Maternidad/Paternidad
BAJA-0234,EMP-0532,2025-09-16,2025-10-06,Enfermedad común
BAJA-0235,EMP-0632,2024-01-31,2024-02-04,Salud mental
BAJA-0236,EMP-0735,2023-10-18,2023-10-29,Maternidad/Paternidad
BAJA-0237,EMP-0167,2025-09-01,2025-09-17,Maternidad/Paternidad
BAJA-0238,EMP-0585,2025-07-27,2025-08-14,Maternidad/Paternidad
BAJA-0239,EMP-0317,2023-06-01,2023-06-20,Enfermedad común
BAJA-0240,EMP-0894,2023-07-10,2023-07-22,Salud mental
BAJA-0241,EMP-0223,2023-02-06,2023-02-18,Maternidad/Paternidad
BAJA-0242,EMP-0116,2023-12-13,2023-12-20,Maternidad/Paternidad
BAJA-0243,EMP-0115,2025-02-17,2025-02-19,Maternidad/Paternidad
BAJA-0244,EMP-0823,2024-07-10,2024-07-29,Salud mental
BAJA-0245,EMP-0196,2023-02-09,2023-02-21,Salud mental
BAJA-0246,EMP-0494,2023-10-05,2023-10-14,Accidente
BAJA-0247,EMP-0844,2025-09-01,2025-09-18,Salud mental
BAJA-0248,EMP-0624,2024-11-23,2024-12-11,Accidente
BAJA-0249,EMP-0117,2023-08-24,2023-09-10,Accidente
BAJA-0250,EMP-0136,2025-07-14,2025-07-21,Enfermedad común
BAJA-0251,EMP-0579,2023-10-26,2023-11-15,Enfermedad común
BAJA-0252,EMP-0110,2024-10-05,2024-10-13,Enfermedad común
BAJA-0253,EMP-0431,2025-02-05,2025-02-23,Accidente
BAJA-0254,EMP-0826,2024-09-14,2024-09-25,Enfermedad común
BAJA-0255,EMP-0961,2023-10-11,2023-10-30,Maternidad/Paternidad
BAJA-0256,EMP-0113,2023-07-29,2023-08-14,Accidente
BAJA-0257,EMP-0304,2024-09-14,2024-09-26,Salud mental
BAJA-0258,EMP-0022,2023-05-05,2023-05-08,Enfermedad común
BAJA-0259,EMP-0511,2023-10-20,2023-11-04,Maternidad/Paternidad
BAJA-0260,EMP-0798,2023-03-03,2023-03-21,Accidente
BAJA-0261,EMP-0940,2025-05-20,2025-06-05,Salud mental
BAJA-0262,EMP-0175,2024-07-19,2024-07-23,Accidente
BAJA-0263,EMP-0944,2025-01-11,2025-01-15,Salud mental
BAJA-0264,EMP-0976,2025-01-31,2025-02-10,Enfermedad común
BAJA-0265,EMP-0891,2024-05-18,2024-05-26,Accidente
BAJA-0266,EMP-0033,2024-01-01,2024-01-17,Salud mental
BAJA-0267,EMP-0478,2023-01-06,2023-01-10,Enfermedad común
BAJA-0268,EMP-0414,2024-12-10,2024-12-14,Maternidad/Paternidad
BAJA-0269,EMP-0370,2024-12-22,2025-01-09,Accidente
BAJA-0270,EMP-0963,2024-07-14,2024-08-03,Enfermedad común
BAJA-0271,EMP-0148,2025-03-20,2025-04-05,Enfermedad común
BAJA-0272,EMP-0153,2024-03-10,2024-03-19,Enfermedad común
BAJA-0273,EMP-0565,2025-02-21,2025-03-04,Maternidad/Paternidad
BAJA-0274,EMP-0255,2024-10-20,2024-10-27,Salud mental
BAJA-0275,EMP-0121,2025-03-17,2025-03-22,Salud mental
BAJA-0276,EMP-0815,2024-07-02,2024-07-07,Enfermedad común
BAJA-0277,EMP-0947,2023-06-26,2023-07-11,Enfermedad común
BAJA-0278,EMP-0441,2025-03-22,2025-04-08,Enfermedad común
BAJA-0279,EMP-0004,2023-01-22,2023-01-28,Accidente
BAJA-0280,EMP-0916,2025-01-26,2025-02-10,Maternidad/Paternidad
BAJA-0281,EMP-0590,2025-03-10,2025-03-14,Enfermedad común
BAJA-0282,EMP-0603,2025-04-05,2025-04-19,Maternidad/Paternidad
BAJA-0283,EMP-0162,2025-07-08,2025-07-15,Salud mental
BAJA-0284,EMP-0183,2025-09-09,2025-09-20,Maternidad/Paternidad
BAJA-0285,EMP-0474,2024-11-24,2024-12-04,Accidente
BAJA-0286,EMP-0689,2023-08-14,2023-08-21,Maternidad/Paternidad
BAJA-0287,EMP-0024,2023-02-04,2023-02-08,Enfermedad común
BAJA-0288,EMP-0862,2024-01-09,2024-01-27,Salud mental
BAJA-0289,EMP-0808,2024-03-12,2024-04-01,Accidente
BAJA-0290,EMP-0820,2024-03-11,2024-03-27,Maternidad/Paternidad
BAJA-0291,EMP-0400,2024-11-22,2024-12-09,Salud mental
BAJA-0292,EMP-0032,2024-06-18,2024-06-21,Enfermedad común
BAJA-0293,EMP-0333,2023-02-22,2023-03-11,Accidente
BAJA-0294,EMP-0611,2024-09-13,2024-09-15,Accidente
BAJA-0295,EMP-0795,2024-02-19,2024-02-26,Maternidad/Paternidad
BAJA-0296,EMP-0918,2023-11-15,2023-12-02,Salud mental
BAJA-0297,EMP-0640,2023-05-02,2023-05-11,Salud mental
BAJA-0298,EMP-0477,2025-07-12,2025-07-22,Maternidad/Paternidad
BAJA-0299,EMP-0714,2024-05-02,2024-05-13,Enfermedad común
BAJA-0300,EMP-0203,2023-04-24,2023-05-01,Accidente
BAJA-0301,EMP-0483,2025-03-08,2025-03-18,Maternidad/Paternidad
BAJA-0302,EMP-0945,2024-02-15,2024-02-29,Accidente
BAJA-0303,EMP-0984,2025-01-13,2025-01-30,Salud mental
BAJA-0304,EMP-0339,2025-04-30,2025-05-18,Salud mental
BAJA-0305,EMP-0086,2025-04-01,2025-04-15,Salud mental
BAJA-0306,EMP-0972,2023-11-09,2023-11-20,Accidente
BAJA-0307,EMP-0059,2024-11-19,2024-11-25,Maternidad/Paternidad
BAJA-0308,EMP-0863,2025-06-29,2025-07-01,Accidente
BAJA-0309,EMP-0461,2025-01-14,2025-01-27,Salud mental
BAJA-0310,EMP-0252,2025-07-07,2025-07-22,Enfermedad común
BAJA-0311,EMP-0336,2024-09-11,2024-09-29,Enfermedad común
BAJA-0312,EMP-0707,2024-02-06,2024-02-26,Enfermedad común
BAJA-0313,EMP-0720,2025-06-08,2025-06-19,Salud mental
BAJA-0314,EMP-0533,2024-08-17,2024-09-02,Accidente
BAJA-0315,EMP-0468,2024-09-29,2024-10-02,Enfermedad común
BAJA-0316,EMP-0510,2023-06-28,2023-07-11,Accidente
BAJA-0317,EMP-0384,2023-12-27,2023-12-31,Enfermedad común
BAJA-0318,EMP-0925,2023-03-03,2023-03-17,Maternidad/Paternidad
BAJA-0319,EMP-0674,2024-12-14,2025-01-02,Salud mental
BAJA-0320,EMP-0932,2025-04-25,2025-05-03,Accidente
BAJA-0321,EMP-0699,2023-10-01,2023-10-13,Maternidad/Paternidad
BAJA-0322,EMP-0215,2023-12-21,2024-01-08,Maternidad/Paternidad
BAJA-0323,EMP-0054,2025-01-19,2025-01-27,Accidente
BAJA-0324,EMP-0967,2024-12-23,2025-01-08,Salud mental
BAJA-0325,EMP-0946,2024-10-18,2024-11-04,Enfermedad común
BAJA-0326,EMP-0182,2025-02-19,2025-03-11,Salud mental
BAJA-0327,EMP-0899,2024-10-16,2024-10-29,Salud mental
BAJA-0328,EMP-0254,2023-04-30,2023-05-15,Enfermedad común
BAJA-0329,EMP-0756,2024-06-04,2024-06-06,Salud mental
BAJA-0330,EMP-0902,2023-02-07,2023-02-19,Salud mental
BAJA-0331,EMP-0006,2024-02-05,2024-02-16,Salud mental
BAJA-0332,EMP-0390,2023-12-22,2024-01-08,Enfermedad común
BAJA-0333,EMP-0419,2023-01-26,2023-02-15,Enfermedad común
BAJA-0334,EMP-0070,2024-05-12,2024-05-14,Maternidad/Paternidad
BAJA-0335,EMP-0989,2023-04-03,2023-04-20,Maternidad/Paternidad
BAJA-0336,EMP-0240,2024-10-18,2024-10-26,Enfermedad común
BAJA-0337,EMP-0200,2024-07-10,2024-07-29,Maternidad/Paternidad
BAJA-0338,EMP-0305,2025-06-13,2025-06-23,Enfermedad común
BAJA-0339,EMP-0593,2023-02-06,2023-02-13,Maternidad/Paternidad
BAJA-0340,EMP-0257,2023-11-30,2023-12-07,Maternidad/Paternidad
BAJA-0341,EMP-0652,2024-07-18,2024-07-31,Enfermedad común
BAJA-0342,EMP-0466,2024-08-28,2024-09-02,Enfermedad común
BAJA-0343,EMP-0003,2025-03-11,2025-03-23,Salud mental
BAJA-0344,EMP-0785,2025-08-11,2025-08-29,Maternidad/Paternidad
BAJA-0345,EMP-0923,2025-06-27,2025-07-15,Maternidad/Paternidad
BAJA-0346,EMP-0964,2025-02-07,2025-02-10,Enfermedad común
BAJA-0347,EMP-0161,2023-05-02,2023-05-15,Enfermedad común
BAJA-0348,EMP-0379,2023-03-26,2023-04-06,Accidente
BAJA-0349,EMP-0075,2024-11-30,2024-12-12,Salud mental
BAJA-0350,EMP-0073,2023-05-20,2023-06-06,Accidente
BAJA-0351,EMP-0076,2023-12-17,2023-12-19,Salud mental
BAJA-0352,EMP-0112,2025-04-23,2025-05-02,Enfermedad común
BAJA-0353,EMP-0391,2024-06-19,2024-06-26,Accidente
BAJA-0354,EMP-0246,2024-02-22,2024-02-24,Accidente
BAJA-0355,EMP-0135,2023-03-23,2023-04-04,Enfermedad común
BAJA-0356,EMP-0893,2024-01-06,2024-01-24,Maternidad/Paternidad
BAJA-0357,EMP-0693,2024-03-28,2024-04-03,Maternidad/Paternidad
BAJA-0358,EMP-0424,2025-11-17,2025-11-20,Accidente
BAJA-0359,EMP-0420,2024-07-01,2024-07-18,Maternidad/Paternidad
BAJA-0360,EMP-0773,2024-03-11,2024-03-22,Salud mental
BAJA-0361,EMP-0650,2025-11-15,2025-11-20,Accidente
BAJA-0362,EMP-0348,2023-12-18,2024-01-03,Maternidad/Paternidad
BAJA-0363,EMP-0017,2024-02-16,2024-02-25,Enfermedad común
BAJA-0364,EMP-0264,2023-05-06,2023-05-17,Salud mental
BAJA-0365,EMP-0092,2024-01-26,2024-02-13,Enfermedad común
BAJA-0366,EMP-0877,2025-04-10,2025-04-15,Maternidad/Paternidad
BAJA-0367,EMP-0328,2023-02-22,2023-03-05,Enfermedad común
BAJA-0368,EMP-0646,2023-05-03,2023-05-08,Maternidad/Paternidad
BAJA-0369,EMP-0323,2024-01-27,2024-02-04,Maternidad/Paternidad
BAJA-0370,EMP-0294,2025-04-14,2025-04-29,Salud mental
BAJA-0371,EMP-0388,2024-07-26,2024-08-10,Salud mental
BAJA-0372,EMP-0285,2024-10-31,2024-11-19,Enfermedad común
BAJA-0373,EMP-0434,2024-07-22,2024-07-30,Enfermedad común
BAJA-0374,EMP-0622,2025-07-23,2025-08-01,Enfermedad común
BAJA-0375,EMP-0170,2024-12-04,2024-12-23,Enfermedad común
BAJA-0376,EMP-0941,2024-07-29,2024-08-16,Salud mental
BAJA-0377,EMP-0613,2023-07-25,2023-08-01,Enfermedad común
BAJA-0378,EMP-0935,2025-04-09,2025-04-16,Salud mental
BAJA-0379,EMP-0906,2023-02-07,2023-02-11,Maternidad/Paternidad
BAJA-0380,EMP-0080,2024-03-21,2024-04-10,Enfermedad común
BAJA-0381,EMP-0460,2024-06-15,2024-06-19,Salud mental
BAJA-0382,EMP-0674,2024-04-10,2024-04-26,Accidente
BAJA-0383,EMP-0393,2023-05-21,2023-05-26,Enfermedad común
BAJA-0384,EMP-0192,2024-09-29,2024-10-11,Salud mental
BAJA-0385,EMP-0298,2024-07-25,2024-07-29,Maternidad/Paternidad
BAJA-0386,EMP-0953,2023-04-15,2023-05-02,Enfermedad común
BAJA-0387,EMP-0309,2024-02-11,2024-02-25,Enfermedad común
BAJA-0388,EMP-0097,2023-10-05,2023-10-09,Accidente
BAJA-0389,EMP-0488,2024-01-05,2024-01-18,Salud mental
BAJA-0390,EMP-0877,2024-01-23,2024-02-01,Accidente
BAJA-0391,EMP-0523,2023-08-21,2023-09-03,Maternidad/Paternidad
BAJA-0392,EMP-0263,2024-04-30,2024-05-12,Accidente
BAJA-0393,EMP-0738,2023-01-06,2023-01-23,Salud mental
BAJA-0394,EMP-0854,2023-10-20,2023-11-02,Maternidad/Paternidad
BAJA-0395,EMP-0412,2023-05-15,2023-05-23,Salud mental
BAJA-0396,EMP-0114,2023-08-11,2023-08-18,Maternidad/Paternidad
BAJA-0397,EMP-0417,2024-12-14,2024-12-29,Salud mental
BAJA-0398,EMP-0905,2023-12-29,2024-01-05,Enfermedad común
BAJA-0399,EMP-0165,2025-01-31,2025-02-12,Maternidad/Paternidad
BAJA-0400,EMP-0346,2024-07-30,2024-08-14,Salud mental
BAJA-0401,EMP-0868,2024-12-30,2025-01-17,Salud mental
BAJA-0402,EMP-0977,2024-10-28,2024-11-16,Accidente
BAJA-0403,EMP-0107,2025-05-04,2025-05-17,Accidente
BAJA-0404,EMP-0238,2024-09-03,2024-09-16,Salud mental
BAJA-0405,EMP-0721,2024-09-23,2024-09-27,Enfermedad común
BAJA-0406,EMP-0258,2025-05-10,2025-05-19,Maternidad/Paternidad
BAJA-0407,EMP-0001,2024-04-14,2024-04-30,Enfermedad común
BAJA-0408,EMP-0962,2024-08-16,2024-08-23,Enfermedad común
BAJA-0409,EMP-0202,2023-08-27,2023-09-09,Enfermedad común
BAJA-0410,EMP-0486,2023-09-14,2023-10-03,Enfermedad común
BAJA-0411,EMP-0366,2025-11-17,2025-12-05,Salud mental
BAJA-0412,EMP-0902,2025-10-02,2025-10-22,Accidente
BAJA-0413,EMP-0453,2025-02-27,2025-03-06,Enfermedad común
BAJA-0414,EMP-0264,2025-11-15,2025-11-30,Maternidad/Paternidad
BAJA-0415,EMP-0790,2023-08-11,2023-08-15,Enfermedad común
BAJA-0416,EMP-0959,2024-05-15,2024-05-17,Maternidad/Paternidad
BAJA-0417,EMP-0834,2025-02-24,2025-02-27,Maternidad/Paternidad
BAJA-0418,EMP-0373,2025-10-02,2025-10-19,Salud mental
BAJA-0419,EMP-0239,2023-10-12,2023-10-31,Accidente
BAJA-0420,EMP-0869,2023-07-09,2023-07-21,Maternidad/Paternidad
BAJA-0421,EMP-0245,2023-10-12,2023-10-19,Accidente
BAJA-0422,EMP-0081,2025-06-24,2025-06-27,Salud mental
BAJA-0423,EMP-0372,2025-06-23,2025-07-07,Salud mental
BAJA-0424,EMP-0513,2024-06-23,2024-06-27,Enfermedad común
BAJA-0425,EMP-0433,2025-08-11,2025-08-29,Salud mental
BAJA-0426,EMP-0459,2024-01-30,2024-02-14,Maternidad/Paternidad
BAJA-0427,EMP-0853,2023-08-24,2023-09-07,Accidente
BAJA-0428,EMP-0230,2024-01-26,2024-02-15,Accidente
BAJA-0429,EMP-0307,2025-05-22,2025-06-09,Maternidad/Paternidad
BAJA-0430,EMP-0693,2023-06-06,2023-06-14,Maternidad/Paternidad
BAJA-0431,EMP-0664,2023-09-11,2023-09-26,Salud mental
BAJA-0432,EMP-0129,2023-06-30,2023-07-06,Salud mental
BAJA-0433,EMP-0249,2025-07-10,2025-07-20,Salud mental
BAJA-0434,EMP-0394,2025-07-15,2025-07-29,Maternidad/Paternidad
BAJA-0435,EMP-0414,2024-05-10,2024-05-16,Enfermedad común
BAJA-0436,EMP-0403,2025-08-13,2025-08-21,Maternidad/Paternidad
BAJA-0437,EMP-0426,2024-09-22,2024-10-05,Enfermedad común
BAJA-0438,EMP-0914,2024-01-27,2024-02-04,Salud mental
BAJA-0439,EMP-0659,2023-08-27,2023-09-12,Accidente
BAJA-0440,EMP-0639,2023-08-14,2023-08-24,Salud mental
BAJA-0441,EMP-0107,2023-12-24,2024-01-12,Salud mental
BAJA-0442,EMP-0655,2024-10-02,2024-10-16,Salud mental
BAJA-0443,EMP-0206,2024-10-31,2024-11-02,Accidente
BAJA-0444,EMP-0134,2024-03-31,2024-04-07,Accidente
BAJA-0445,EMP-0969,2023-10-19,2023-11-01,Salud mental
BAJA-0446,EMP-0384,2025-04-25,2025-05-10,Maternidad/Paternidad
BAJA-0447,EMP-0431,2025-01-08,2025-01-19,Accidente
BAJA-0448,EMP-0204,2024-12-04,2024-12-10,Accidente
BAJA-0449,EMP-0413,2024-06-11,2024-06-14,Enfermedad común
BAJA-0450,EMP-0547,2024-05-08,2024-05-23,Salud mental
BAJA-0451,EMP-0590,2024-01-18,2024-01-29,Maternidad/Paternidad
BAJA-0452,EMP-0499,2025-06-22,2025-07-09,Enfermedad común
BAJA-0453,EMP-0878,2023-03-16,2023-04-03,Salud mental
BAJA-0454,EMP-0574,2024-05-20,2024-05-26,Enfermedad común
BAJA-0455,EMP-0131,2024-08-18,2024-09-04,Maternidad/Paternidad
BAJA-0456,EMP-0313,2025-05-20,2025-06-03,Enfermedad común
BAJA-0457,EMP-0150,2023-03-22,2023-03-31,Maternidad/Paternidad
BAJA-0458,EMP-0202,2023-05-20,2023-06-04,Accidente
BAJA-0459,EMP-0007,2023-11-25,2023-12-06,Enfermedad común
BAJA-0460,EMP-0900,2024-01-12,2024-01-21,Accidente
BAJA-0461,EMP-0677,2025-01-12,2025-01-31,Maternidad/Paternidad
BAJA-0462,EMP-0780,2023-08-09,2023-08-21,Maternidad/Paternidad
BAJA-0463,EMP-0988,2025-02-13,2025-03-01,Salud mental
BAJA-0464,EMP-0784,2023-09-18,2023-09-23,Maternidad/Paternidad
BAJA-0465,EMP-0879,2023-11-11,2023-11-15,Accidente
BAJA-0466,EMP-0584,2023-02-10,2023-02-22,Accidente
BAJA-0467,EMP-0974,2023-06-12,2023-06-30,Maternidad/Paternidad
BAJA-0468,EMP-0069,2024-01-30,2024-02-18,Salud mental
BAJA-0469,EMP-0465,2024-03-18,2024-03-22,Maternidad/Paternidad
BAJA-0470,EMP-0129,2024-08-13,2024-08-19,Accidente
BAJA-0471,EMP-0309,2023-05-30,2023-06-14,Maternidad/Paternidad
BAJA-0472,EMP-0760,2025-03-07,2025-03-22,Enfermedad común
BAJA-0473,EMP-0740,2025-08-22,2025-08-27,Maternidad/Paternidad
BAJA-0474,EMP-0482,2024-02-13,2024-02-16,Salud mental
BAJA-0475,EMP-0089,2024-09-04,2024-09-21,Maternidad/Paternidad
BAJA-0476,EMP-0065,2024-10-10,2024-10-27,Enfermedad común
BAJA-0477,EMP-0921,2025-10-22,2025-11-02,Accidente
BAJA-0478,EMP-0573,2025-07-04,2025-07-22,Maternidad/Paternidad
BAJA-0479,EMP-0480,2025-02-11,2025-02-15,Accidente
BAJA-0480,EMP-0716,2024-04-10,2024-04-22,Salud mental
BAJA-0481,EMP-0449,2023-07-20,2023-07-24,Enfermedad común
BAJA-0482,EMP-0512,2023-06-08,2023-06-11,Accidente
BAJA-0483,EMP-0025,2023-11-10,2023-11-25,Salud mental
BAJA-0484,EMP-0275,2023-02-26,2023-03-16,Salud mental
BAJA-0485,EMP-0301,2024-10-30,2024-11-14,Salud mental
BAJA-0486,EMP-0896,2023-09-08,2023-09-27,Salud mental
BAJA-0487,EMP-0963,2024-05-13,2024-05-28,Accidente
BAJA-0488,EMP-0452,2024-11-27,2024-12-08,Accidente
BAJA-0489,EMP-0303,2025-08-10,2025-08-18,Enfermedad común
BAJA-0490,EMP-0123,2023-03-05,2023-03-10,Enfermedad común
BAJA-0491,EMP-0536,2023-01-25,2023-01-28,Accidente
BAJA-0492,EMP-0414,2025-09-03,2025-09-13,Salud mental
BAJA-0493,EMP-0440,2023-07-21,2023-07-27,Salud mental
BAJA-0494,EMP-0706,2024-07-16,2024-08-04,Accidente
BAJA-0495,EMP-0302,2023-12-23,2024-01-01,Accidente
BAJA-0496,EMP-0099,2023-02-05,2023-02-24,Salud mental
BAJA-0497,EMP-0174,2024-01-03,2024-01-20,Salud mental
BAJA-0498,EMP-0586,2024-10-14,2024-10-20,Accidente
BAJA-0499,EMP-0451,2024-06-07,2024-06-21,Accidente
BAJA-0500,EMP-0527,2025-02-18,2025-02-23,Maternidad/Paternidad
BAJA-0501,EMP-0751,2025-09-25,2025-10-01,Maternidad/Paternidad
BAJA-0502,EMP-0442,2024-02-15,2024-02-21,Enfermedad común
BAJA-0503,EMP-0115,2023-12-09,2023-12-15,Maternidad/Paternidad
BAJA-0504,EMP-0114,2024-04-16,2024-04-26,Enfermedad común
BAJA-0505,EMP-0516,2023-12-23,2023-12-30,Maternidad/Paternidad
BAJA-0506,EMP-0005,2023-04-06,2023-04-22,Salud mental
BAJA-0507,EMP-0680,2024-05-07,2024-05-18,Maternidad/Paternidad
BAJA-0508,EMP-0984,2023-10-03,2023-10-11,Maternidad/Paternidad
BAJA-0509,EMP-0224,2025-01-29,2025-02-08,Salud mental
BAJA-0510,EMP-0370,2023-08-03,2023-08-09,Enfermedad común
BAJA-0511,EMP-0100,2024-04-11,2024-04-25,Maternidad/Paternidad
BAJA-0512,EMP-0283,2023-02-27,2023-03-05,Maternidad/Paternidad
BAJA-0513,EMP-0356,2023-07-28,2023-08-03,Salud mental
BAJA-0514,EMP-0310,2024-06-18,2024-06-28,Enfermedad común
BAJA-0515,EMP-0209,2025-01-13,2025-01-28,Enfermedad común
BAJA-0516,EMP-0486,2024-07-09,2024-07-22,Enfermedad común
BAJA-0517,EMP-0429,2025-06-09,2025-06-18,Maternidad/Paternidad
BAJA-0518,EMP-0585,2023-05-28,2023-06-04,Enfermedad común
BAJA-0519,EMP-0034,2025-01-23,2025-01-26,Accidente
BAJA-0520,EMP-0719,2023-10-15,2023-11-04,Salud mental
BAJA-0521,EMP-0305,2025-03-20,2025-04-03,Maternidad/Paternidad
BAJA-0522,EMP-0259,2024-12-02,2024-12-18,Enfermedad común
BAJA-0523,EMP-0104,2025-11-12,2025-11-26,Salud mental
BAJA-0524,EMP-0061,2025-06-02,2025-06-22,Accidente
BAJA-0525,EMP-0512,2023-06-29,2023-07-08,Maternidad/Paternidad
BAJA-0526,EMP-0009,2023-05-17,2023-05-30,Enfermedad común
BAJA-0527,EMP-0770,2023-07-15,2023-07-22,Salud mental
BAJA-0528,EMP-0865,2025-04-09,2025-04-24,Accidente
BAJA-0529,EMP-0547,2024-03-06,2024-03-18,Enfermedad común
BAJA-0530,EMP-0439,2023-05-16,2023-05-22,Accidente
BAJA-0531,EMP-0508,2023-05-16,2023-06-04,Salud mental
BAJA-0532,EMP-0064,2025-03-13,2025-03-15,Salud mental
BAJA-0533,EMP-0198,2023-03-07,2023-03-15,Enfermedad común
BAJA-0534,EMP-0392,2025-07-02,2025-07-12,Maternidad/Paternidad
BAJA-0535,EMP-0241,2025-08-16,2025-08-21,Accidente
BAJA-0536,EMP-0490,2024-07-28,2024-08-17,Accidente
BAJA-0537,EMP-0848,2025-11-10,2025-11-18,Enfermedad común
BAJA-0538,EMP-0264,2023-08-25,2023-09-02,Salud mental
BAJA-0539,EMP-0642,2025-09-05,2025-09-12,Maternidad/Paternidad
BAJA-0540,EMP-0181,2023-05-15,2023-06-01,Salud mental
